question_english,disease_english,drug_english,treatment_english,question_hindi,disease_hindi,drug_hindi,treatment_hindi,question_bengali,disease_bengali,drug_bengali,treatment_bengali,question_tamil,disease_tamil,drug_tamil,treatment_tamil,question_telugu,disease_telugu,drug_telugu,treatment_telugu,question_marathi,disease_marathi,drug_marathi,treatment_marathi,question_gujarati,disease_gujarati,drug_gujarati,treatment_gujarati,Manual_Intent
will a blood transfusion get rid of herpes,herpes,,blood transfusion,क्या खून चढ़ाने से दाद से छुटकारा मिलेगा,हरपीज,,रक्त आधान,রক্ত সঞ্চালন কি হারপিস উপশম করবে?,হারপিস,,রক্ত সঞ্চালন,ஒரு இரத்தமாற்றம் ஹெர்பெஸிலிருந்து விடுபடுமா?,ஹெர்பெஸிலிருந்து ,,இரத்தமாற்றம் ,రక్తమార్పిడి హెర్పెస్ ను వదిలిస్తుందా?,హెర్పెస్,,రక్తమార్పిడి,रक्त संक्रमण नागीण घालवतात,नागीण,,रक्त संक्रमण,શું લોહી ચઢાવવાથી હર્પીસથી છુટકારો મળશે ?,હર્પીસ,,રક્ત તબદિલી,treatment
i have some hip pain 9 weeks. had mra image recently would welcome second opinion?,hip pain,,mra image,मेरे कूल्हे में ९ सप्ताह से कुछ दर्द है। क्या एमआरए छवि हाल ही में दूसरी राय का स्वागत करेगी?,कूल्हे का दर्द,,एमआरए छवि,আমার ৯ সপ্তাহ কিছু নিতম্ব ব্যথা আছে। সম্প্রতি এমআরএ চিত্রটিতে কি দ্বিতীয় মতামতকে স্বাগত জানাবে?,নিতম্ব ব্যথা,,এমআরএ চিত্র,எனக்கு 9 வாரங்களாக இடுப்பு வலி உள்ளது. சமீபத்தில் எம்ஆர்ஏ படம் இருந்தால் இரண்டாவது கருத்தை வரவேற்கலாமா?,இடுப்பு வலி,,எம்ஆர்ஏ படம்,"నాకు ౯ వారాల పాటు కొంత తుంటి  నొప్పి  ఉంది. ఇటీవల ఎమ్ఆర్ఎ ఇమేజ్ కూడా తీపించాను, రెండవ అభిప్రాయాన్ని స్వాగతిస్తాను",తుంటి నొప్పి,,ఎమ్ఆర్ఎ ఇమేజ్,मला ९  आठवडे हिप दुखत आहे. एमारे प्रतिमा अलीकडे दुसऱ्या मताचे स्वागत करेल का?,हिप दुख,,एमारे  ,મને ૯ અઠવાડિયાથી હિપમાં દુખાવો છે. શું એમઆરએ ઇમેજ તાજેતરમાં બીજા અભિપ્રાયને આવકારશે?,હિપ પીડા,,એમઆરએ  છબી,treatment
what do you think about the effectiveness of laser treatment for wrinkle removal?,wrinkle removal,,Laser Treatment,शिकन हटाने के लिए लेजर उपचार की प्रभावशीलता के बारे में आप क्या सोचते हैं?,शिकन हटाना,,लेजर उपचार,বলিরেখা অপসারণের জন্য লেজারের চিকিৎসার কার্যকারিতা সম্পর্কে আপনি কী মনে করেন?,বলিরেখা অপসারণের,,লেজারের চিকিৎসা,சுருக்கத்தை அகற்றுவதற்கான லேசர் சிகிச்சையின் செயல்திறனைப் பற்றி நீங்கள் என்ன நினைக்கிறீர்கள்?,சுருக்கத்தை அகற்றுவதற்கான,,லேசர் சிகிச்சை,ముడతలు తొలగించడానికి లేజర్ చికిత్స యొక్క సమర్థత గురించి మీరు ఏమి అనుకుంటున్నారు?,ముడతలు,,లేజర్ చికిత్స,सुरकुत्या,सुरकुत्या काढणे ,,लेसर उपचार,કરચલીઓ દૂર કરવા માટે લેસર સારવારની અસરકારકતા વિશે તમે શું વિચારો છો?,કરચલીઓ દૂર કરવી,,લેસર સારવાર,treatment
i think my father might need a pacemaker?,,,pacemaker,मुझे लगता है कि मेरे पिता को पेसमेकर की ज़रूरत हो सकती है?,,,पेसमेकर ,আমার বাবার পেসমেকার দরকার হতে পারে?,,,পেসমেকার,என் தந்தைக்கு ஒரு இதயமுடுக்கி தேவைப்படலாம் என்று நினைக்கிறேன்?,,,இதயமுடுக்கி,నా తండ్రికి పేస్ మేకర్ అవసరం కావచ్చు అని నేను అనుకుంటున్నాను,,,పేస్ మేకర్,मला वाटते की माझ्या वडिलांना पेसमेकरची गरज आहे?,,,पेसमेकरची,મને લાગે છે કે મારા પિતાને પેસમેકરની જરૂર પડી શકે છે?,,,પેસમેકર,treatment
how long to clean blood test for nicotine,,nicotine,blood test,"निकोटिन के लिए परीक्षण, रक्त कब तक साफ करना है",,निकोटिन,रक्त परिक्षण ,রক্ত পরীক্ষায় নিকোটিন না পেতে হলে কতক্ষণ অপেক্ষা করতে হবে?,,নিকোটিন,রক্ত পরীক্ষায়,நிகோடினுக்கு இரத்த பரிசோதனையை எவ்வளவு நேரம் சுத்தம் செய்ய வேண்டும்,,நிகோடின்,இரத்த பரிசோதனையை,నికోటిన్ కోసం రక్త పరీక్షను ఎంతకాలం శుభ్రం చేయాలి,,నికోటిన్,రక్త పరీక్ష,निकोटीनसाठी रक्त तपासणी किती काळ स्वच्छ करावी,,निकोटीन, रक्त तपासणी,નિકોટિન માટે રક્ત પરીક્ષણ કેટલા સમય સુધી સાફ કરવું,,નિકોટિન,લોહીની તપાસ,treatment
what are the screening tests for prostate cancer?,Prostate cancer,,screening tests,प्रोस्टेट कैंसर के लिए स्क्रीनिंग परीक्षण क्या हैं?,प्रोस्टेट कैंसर,,स्क्रीनिंग टेस्ट,প্রোস্টেট ক্যান্সারের জন্য স্ক্রিনিং পরীক্ষাগুলি কী কী?,প্রোস্টেট ক্যান্সার,,স্ক্রিনিং পরীক্ষাগুলি,புரோஸ்டேட் புற்றுநோய்க்கான ஸ்கிரீனிங் சோதனைகள் யாவை?,புரோஸ்டேட் புற்றுநோய்,,ஸ்கிரீனிங் சோதனைகள்,ప్రోస్టేట్ క్యాన్సర్ కొరకు స్క్రీనింగ్ పరీక్షలు ఏమిటి?,ప్రోస్టేట్ క్యాన్సర్,,స్క్రీనింగ్ పరీక్ష,प्रोस्टेट कर्करोगासाठी स्क्रीनिंग चाचण्या काय आहेत?,प्रोस्टेट कर्करोग,,स्क्रीनिंग चाचण्या,પ્રોસ્ટેટ કેન્સર માટે સ્ક્રીનીંગ ટેસ્ટ શું છે?,પ્રોસ્ટેટ કેન્સર,,સ્ક્રીનીંગ પરીક્ષણો,treatment
should you take an antibiotic for a positive clue cell exam,,antibiotic,clue cell exam,क्या आपको एक सकारात्मक सुराग सेल परीक्षा के लिए एंटीबायोटिक लेना चाहिए।,,एंटीबायोटिक ,क्लू सेल परीक्षा,একটি পজিটিভ ক্লু সেল পরীক্ষার জন্য আপনার কি অ্যান্টিবায়োটিক গ্রহণ করা উচিত?,,অ্যান্টিবায়োটিক,ক্লু সেল পরীক্ষার,நேர்மறையான துப்பு செல் தேர்வுக்கு நீங்கள் ஒரு ஆண்டிபயாடிக் எடுக்க வேண்டுமா?,,ஆண்டிபயாடிக்,துப்பு செல் தேர்வுக்கு,పాజిటివ్ క్లూ సెల్ పరీక్ష కొరకు మీరు యాంటీబయాటిక్ తీసుకోవాలా?,,యాంటీబయాటిక్,క్లూ సెల్ పరీక్ష,पॉझिटिव्ह क्लू सेल तपासणीसाठी तुम्ही प्रतिजैविक घ्यावे का?,,प्रतिजैविक,क्लू सेल तपासणी,શું તમારે સકારાત્મક ચાવી સેલ પરીક્ષા માટે એન્ટિબાયોટિક લેવી જોઈએ,,એન્ટિબાયોટિક,ચાવી સેલ પરીક્ષા,treatment
i am facing a laparoscopic mastectomy can this surgery be done without taking lapron?,,lapron,"laparoscopic mastectomy, surgery",मुझे लैप्रोस्कोपिक मास्टेक्टॉमी का सामना करना पड़ रहा है क्या यह सर्जरी लैप्रोन लिए बिना की जा सकती है?,,लैप्रोन,"लेप्रोस्कोपिक मास्टेक्टॉमी, सर्जरी",আমি একটি ল্যাপারোস্কোপিক মাস্টেকটমি করাচ্ছি এই অস্ত্রোপচার ল্যাপ্রন গ্রহণ ছাড়া করা যেতে পারে?,,ল্যাপ্রন,"ল্যাপারোস্কোপিক মাস্টেকটমি, অস্ত্রোপচার","நான் ஒரு லேபராஸ்கோபிக் முலையழற்சி எதிர்கொள்கிறேன், இந்த அறுவை சிகிச்சையை லேப்ரான் எடுக்காமல் செய்ய முடியுமா?",,லேப்ரான்,"அறுவை சிகிச்சையை, லேபராஸ்கோபிக் முலையழற்சி","నేను ల్యాప్రోస్కోపిక్ మాస్టెక్టమీని ఎదుర్కొంటున్నాను, లాప్రాన్ తీసుకోకుండా ఈ శస్త్రచికిత్స చేయవచ్చా?",,లాప్రాన్,"ల్యాప్రోస్కోపిక్ మాస్టెక్టమీ, శస్త్రచికిత్స",मी लॅपरोस्कोपिक मास्टेक्टॉमीचा सामना करत आहे ही शस्त्रक्रिया लॅपरॉन न घेता करता येईल का?,,लॅपरॉन,लॅपरोस्कोपिक मास्टेक्टॉमी,હું લેપ્રોસ્કોપિક માસ્ટેક્ટોમીનો સામનો કરી રહ્યો છું શું આ સર્જરી લેપ્રોન લીધા વિના કરી શકાય છે?,,લેપ્રોન,"લેપ્રોસ્કોપિક માસ્ટેક્ટોમી, સર્જરી",treatment
can chiropractic manipulation of the neck cause vertigo?,vertigo,,chiropractic manipulation,क्या गर्दन के कायरोप्रैक्टिक हेरफेर से चक्कर आ सकते हैं?,सिर का चक्कर,,कायरोप्रैक्टिक हेरफेर,ঘাড়ের কাইরোপ্র্যাক্টিক ম্যানিপুলেশন কি ভার্টিগোর কারণ হতে পারে?,ভার্টিগো,,কাইরোপ্র্যাক্টিক ম্যানিপুলেশন,கழுத்து சிரோபிராக்டிக் கையாளுதல் வெர்டிகோவை ஏற்படுத்த முடியுமா?,வெர்டிகோ,,சிரோபிராக்டிக் கையாளுதல்,మెడ యొక్క చిరోప్రాక్టిక్ తారుమారు వెర్టిగోకు కారణమవుతుందా?,వెర్టిగో,,చిరోప్రాక్టిక్ తారుమారు,मानेच्या कायरोप्रॅक्टिक हाताळणीमुळे चक्कर येऊ शकते का?,चक्कर,,कायरोप्रॅक्टिक हाताळणी,શું ગરદનના શિરોપ્રેક્ટિક મેનીપ્યુલેશનથી વર્ટિગો થઈ શકે છે?,ચક્કર,,ચિરોપ્રેક્ટિક મેનીપ્યુલેશન,treatment
can anesthesia during surgery cause memory loss or signs of senility?,"memory loss, signs of senility",anesthesia,surgery,क्या सर्जरी के दौरान बेहोशी स्मृति हानि या बुढ़ापा के लक्षण पैदा कर सकता है?,"स्मृति हानि, बुढ़ापा के लक्षण",बेहोशी,सर्जरी ,অস্ত্রোপচারের সময় অ্যানেস্থেসিয়া কি স্মৃতিভ্রংশ বা বার্ধক্যের লক্ষণ প্রদর্শনের কারণ হতে পারে?,"স্মৃতিভ্রংশ, বার্ধক্যের লক্ষণ",অ্যানেস্থেসিয়া,অস্ত্রোপচার,அறுவை சிகிச்சையின் போது மயக்க மருந்து நினைவாற்றல் இழப்பு அல்லது முதிர்ச்சியின் அறிகுறிகளை ஏற்படுத்த முடியுமா?,"நினைவாற்றல் இழப்பு, முதிர்ச்சியின் அறிகுறிகளை",மயக்க மருந்து,அறுவை சிகிச்சையின்,శస్త్రచికిత్స సమయంలో అనస్థీషియా జ్ఞాపకశక్తి కోల్పోవడం లేదా వృద్ధాప్య సంకేతాలను కలిగిస్తుందా?,"జ్ఞాపకశక్తి, వృద్ధాప్య సంకేతాలను",అనస్థీషియా,శస్త్రచికిత్స,शस्त्रक्रियेदरम्यान ऍनेस्थेसियामुळे स्मरणशक्ती कमी होऊ शकते किंवा वृद्धत्वाची चिन्हे होऊ शकतात?,"स्मरणशक्ती कमी,वृद्धत्वाची चिन्हे",ऍनेस्थेसिया,शस्त्रक्रिय,શું શસ્ત્રક્રિયા દરમિયાન એનેસ્થેસિયા યાદશક્તિમાં ઘટાડો અથવા વૃદ્ધત્વના ચિહ્નોનું કારણ બની શકે છે?,"યાદશક્તિમાં ઘટાડો, વૃદ્ધત્વના ચિહ્નો",,,treatment
does 2 or 2 1/2 glasses of wine a day caues high blood preasure?,high blood pressure,,,क्या एक दिन में शराब के २ या २ १/२ गिलास उच्च रक्तचाप करता है?,उच्च रक्तचाप,,,দিনে ২ বা ২ ১/২ গ্লাস ওয়াইন কি উচ্চ রক্তচাপের কারণ হতে পারে?,উচ্চ রক্তচাপ,,,ஒரு நாளைக்கு 2 அல்லது 2 1/2 டம்ளர் ஒயின் அதிக இரத்த அழுத்தத்தை ஏற்படுத்துகிறதா?,அதிக இரத்த அழுத்தத்தை,,,రోజుకు ౨ లేదా ౨ ౧/౨ గ్లాసుల మందు  అధిక రక్తపోటుని  కలిగిస్తుందా?,అధిక రక్తపోటు,,,दिवसातून दिवसातून २ किंवा २ १ /२ ग्लास वाइन केल्याने उच्च रक्तप्रवाह होतो का?,उच्च रक्तप्रवाह,,,શું દિવસમાં ૨ અથવા ૨ ૧/૨ ગ્લાસ વાઇન હાઈ બ્લડ પ્રીઝરનું કારણ બને છે?,હાઈ બ્લડ પ્રેશર,,,disease
is tendonitis the same as a pulled tendon,"tendonitis, pulled tendon",,,टेंडोनाइटिस एक खींचे गए कण्डरा के समान है,"टेंडोनाइटिस, खींचा हुआ कण्डरा",,,টেন্ডোনাইটিস আর টান পড়া টেন্ডন কি একই?,"টেন্ডোনাইটিস, টান পড়া টেন্ডন",,,தசைநார் அழற்சி என்பது இழுக்கப்பட்ட தசைநார் போன்றது,"தசைநார் அழற்சி, தசைநார் ",,,స్నాయువు అనేది లాగబడిన స్నాయువు వలె ఉంటుంది?,"స్నాయువు, లాగబడిన స్నాయువు",,,टेंडोनिटिस हे ओढलेल्या टेंडनसारखेच असते,"टेंडोनिटिस,ओढलेल्या टेंडनसारखेच",,,શું કંડરાનો સોજો ખેંચાયેલા કંડરા જેવો જ છે?,"કંડરાનો સોજો, ખેંચાયેલ કંડરા",,,disease
scoliosis. does it effect the stomach and breathing.,Scoliosis,,,क्या स्कोलियोसिस पेट और साँस लेने को प्रभावित करता है।,स्कोलियोसिस,,,স্কোলিওসিস। এটি কি পেট এবং শ্বাস-প্রশ্বাসকে প্রভাবিত করে?,স্কোলিওসিস,,,ஸ்கோலியோசிஸ். இது வயிறு மற்றும் சுவாசத்தை பாதிக்கிறதா?,ஸ்கோலியோசிஸ்.,,,స్కోలియోసిస్. ఇది కడుపు మరియు శ్వాసపై ప్రభావం చూపిస్తుందా?,స్కోలియోసిస్,,,स्कोलियोसिस त्याचा पोटावर आणि श्वासावर परिणाम होतो.,स्कोलियोसिस,,,સ્કોલિયોસિસ શું તે પેટ અને શ્વાસને અસર કરે છે?,સ્કોલિયોસિસ,,,disease
when a pacemaker messes up does it cause someone to be violent and abusive?,"violent, abusive",,pacemaker,जब कोई पेसमेकर गड़बड़ करता है तो क्या यह किसी के हिंसक और अपमानजनक होने का कारण बनता है?,"हिंसक, अपमानजनक",,पेसमेकर ,পেসমেকার বিগড়ে গেলে তা কি কাউকে হিংস্র এবং অশিষ্ট করে তোলে?,"হিংস্র, অশিষ্ট",,পেসমেকার,"ஒரு இதயமுடுக்கி குழப்பமடையும் போது, அது யாரையாவது வன்முறையாகவும் துஷ்பிரயோகமாகவும் இருக்க வைக்கிறதா?","வன்முறையாகவும், துஷ்பிரயோகமாகவும்",,இதயமுடுக்கி,పేస్మేకర్ గందరగోళానికి గురైనప్పుడు అది ఎవరైనా హింసాత్మకంగా మరియు దుర్భాషలాడేందుకు కారణమవుతుందా?,"హింసాత్మకం , దుర్భాషలాడడం",,పేస్మేకర్,जेव्हा पेसमेकर गडबड करतो तेव्हा तो एखाद्याला हिंसक आणि अपमानास्पद बनवतो का?,"हिंसक , अपमानास्पद",,पेसमेकर,જ્યારે પેસમેકર ગડબડ કરે છે ત્યારે શું તે કોઈને હિંસક અને અપમાનજનક બનવાનું કારણ બને છે?,"હિંસક, અપમાનજનક",પેસમેકર,,disease
can cpap machine cause pleurisy,pleurisy,,cpap machine,क्या सीपीएपी मशीन फुफ्फुस का कारण बन सकती है,फुफ्फुस,,सी पी ऐ पी मशीन ,সি প্যাপ মেশিন প্লেউরিসির কারণ হতে পারে?,প্লেউরিসি,,সি প্যাপ মেশিন,CPAP இயந்திரம் ப்ளூரிசியை ஏற்படுத்த முடியுமா,ப்ளூரிசி,,CPAP இயந்திரம்,సీపాప్  యంత్రం ప్లూరిసికి కారణం కాగలదా?,ప్లూరిసి,,సీపాప్,सीपँप मशीनमुळे फुफ्फुसाचा दाह होऊ शकतो,फुफ्फुसाचा दाह,,सीपँप,સીપીએપી મશીન પ્યુરીસીનું કારણ બની શકે છે,પ્યુરીસી,,સીપીએપી,disease
i had my uterus removed can i still get cervical cancer,Cervical cancer,,uterus removed,मैंने अपना गर्भाशय निकाल दिया था क्या मुझे अब भी सर्वाइकल कैंसर हो सकता है?,सर्वाइकल कैंसर,,गर्भाशय निकाला गया,আমি তো আমার জরায়ু অপসারণ করেছি আমি কি এখনও জরায়ুর ক্যান্সার পেতে পারি,জরায়ুর ক্যান্সার,,জরায়ু অপসারণ,"நான் என் கருப்பை அகற்றப்பட்டேன், நான் இன்னும் கர்ப்பப்பை வாய்ப் புற்றுநோயைப் பெற முடியுமா?",புற்றுநோயை,,கருப்பை அகற்றப்பட்டேன்,"నేను నా గర్భాశయాన్ని తొలగించుకున్నాను, నాకు ఇంకా గర్భాశయ క్యాన్సర్ వస్తుందా?",గర్భాశయ క్యాన్సర్,,గర్భాశయాన్ని తొలగించు,मी माझे गर्भाशय काढले होते मला अजूनही गर्भाशयाचा कर्करोग होऊ शकतो का?,गर्भाशयाचा कर्करोग,,गर्भाशय काढ,"મેં મારું ગર્ભાશય કાઢી નાખ્યું હતું, શું મને હજુ પણ સર્વાઇકલ કેન્સર થઈ શકે છે",સર્વાઇકલ કેન્સર,,,disease
can taking certain perscription or otc drugs/supplements cause a loss of penile sensation,penile sensation,"OTC Drugs, supplements",,क्या कुछ नुस्खे या ओटीसी दवाएं/सप्लीमेंट्स लेने से पेनाइल संवेदना का नुकसान हो सकता है,पेनाइल संवेदना,"ओटीसी ड्रग्स, सप्लीमेंट्स",,নির্দিষ্ট পারক্রিপশন বা ওটিসি ওষুধ/পরিপূরক গ্রহণ করলে পুরুষাঙ্গের সংবেদন নষ্ট হতে পারে?,পুরুষাঙ্গের সংবেদন নষ্ট,"ওটিসি ওষুধ, পরিপূরক",,சில தடுப்பு அல்லது ஓடிசி மருந்துகள்/கூடுதல் மருந்துகளை உட்கொள்வது ஆண்குறி உணர்வை இழக்க நேரிடுமா?, ஆண்குறி உணர்வை,"ஓடிசி மருந்துகள், கூடுதல் மருந்துகளை",,నిర్దిష్ట నిర్దేశిత లేదా ఓటీసీ  మందులు/సప్లిమెంట్‌లను తీసుకోవడం వల్ల పురుషాంగ సంచలనాన్ని కోల్పోవచ్చ?,పురుషాంగ సంచలనాన్ని,"ఓటీసీ  మందులు, సప్లిమెంట్‌లు",,ठराविक पर्स्क्रिप्शन किंवा ओटीसी ड्रग्स/सप्लिमेंट्स घेतल्याने लिंग संवेदना नष्ट होऊ शकतात,लिंग संवेदना,"ओटीसी ड्रग्स,सप्लिमेंट्स",,ચોક્કસ પર્ક્રિપ્શન અથવા ઓટીસી દવાઓ/પૂર્તિઓ લેવાથી શિશ્નની સંવેદનામાં ઘટાડો થઈ શકે છે,શિશ્ન સંવેદના,"ઓટીસી દવાઓ, પૂરક",,disease
can you take a stool softner if you have diverticulitis?,diverticulitis,stool softner,,यदि आपको विपुटीशोथ है तो क्या आप मल सॉफ़्नर ले सकते हैं?,विपुटीशोथ,स्टूल सॉफ़्टनर,,আপনার যদি ডাইভার্টিকুলাইটিস থাকে তবে আপনি কি একটি মল সফটনার নিতে পারেন?,ডাইভার্টিকুলাইটিস,মল সফটনার,,உங்களிடம் டைவர்டிகுலிடிஸ் இருந்தால் மலம் மென்மையாக இருக்க முடியுமா?,டைவர்டிகுலிடிஸ்,மலம் மென்மையாக,,మీకు డైవర్టికులిటిస్ ఉన్నట్లయితే మీరు స్టూల్ సాఫ్ట్‌నర్‌ ను తీసుకోవచ్చా?,డైవర్టికులిటిస్,స్టూల్ సాఫ్ట్‌నర్‌,,तुम्हाला डायव्हर्टिकुलिटिस असल्यास तुम्ही स्टूल सॉफ्टनर घेऊ शकता का?,डायव्हर्टिकुलिटिस,स्टूल सॉफ्टनर,,જો તમને ડાયવર્ટિક્યુલાટીસ હોય તો શું તમે સ્ટૂલ સોફ્ટનર લઈ શકો છો?,ડાયવર્ટિક્યુલાટીસ,સ્ટૂલ સોફ્ટનર,,disease
will cipro help with sinus infection and respitory,sinus infection,cipro,,क्या सिप्रो साइनस संक्रमण और श्वसन में मदद करेगा?,साइनस संक्रमण,सिप्रो,,সিপ্রো সাইনাস সংক্রমণ এবং শ্বাসপ্রশ্বাসের সাথে সহায়তা করবে?,সাইনাস সংক্রমণ,সিপ্রো,,சைனஸ் தொற்று மற்றும் பேருக்கு சிப்ரோ உதவுமா?,சைனஸ் தொற்று,சிப்ரோ,,"సైనస్ ఇన్ఫెక్షన్ మరియు రెస్పిటరీకి, సిప్రో సహాయపడుతుందా?",సైనస్ ఇన్ఫెక్షన్,సిప్రో,,सायप्रो सायनस संसर्ग आणि श्वासोच्छवासास मदत करेल,सायनस संसर्ग,सायप्रो,,સિપ્રો સાઇનસ ચેપ અને શ્વસનતંત્રમાં મદદ કરશે,સાઇનસ ચેપ,સિપ્રો,,disease
is there a vitamin to help prevent boils?,boils,vitamin,,क्या फोड़े को रोकने में मदद करने के लिए एक विटामिन है?,फोड़े,विटामिन ,,ফোঁড়া প্রতিরোধে সহায়তা করার জন্য কি কোনও ভিটামিন আছে?,ফোঁড়া,ভিটামিন,,கொப்புளங்களைத் தடுக்க உதவும் வைட்டமின் உள்ளதா?,கொப்புளங்களைத் ,வைட்டமின் ,,బొబ్బలను నివారించడంలో సహాయపడటానికి విటమిన్ ఉందా?,బొబ్బలు,విటమిన్,,गळू टाळण्यासाठी जीवनसत्व आहे का?,गळू,जीवनसत्व,,શું ઉકળે રોકવામાં મદદ કરવા માટે વિટામિન છે?,ઉકળે,વિટામિન,,disease
what is nystatin prescribed for?,,nystatin,,निस्टेटिन किस लिए निर्धारित किया गया है?,,निस्टेटिन,,নিস্টাটিন কি জন্য নির্ধারিত হয়?,,নিস্টাটিন,,நிஸ்டாடின் எதற்காக பரிந்துரைக்கப்படுகிறது?,,நிஸ்டாடின்,,నిస్టాటిన్ దేని కొరకు సిఫారసు చేయబడుతుంది?,,నిస్టాటిన్,,नायस्टाटिन कशासाठी लिहून दिले जाते?,,नायस्टाटिन,,નિસ્ટાટિન શું માટે સૂચવવામાં આવે છે?,,નિસ્ટાટિન,,drug
is it safe to take emergen-c while pregnant?,,emergen-c,,क्या गर्भवती होने पर एमर्जेन-सी लेना सुरक्षित है?,,एमर्जेन-सी,,গর্ভবতী থাকাকালীন ইমার্জেন-সি গ্রহণ করা কি নিরাপদ?,,ইমার্জেন-সি,,கர்ப்பமாக இருக்கும்போது எமர்ஜென்-சி எடுப்பது பாதுகாப்பானதா?,,எமர்ஜென்-சி,,గర్భవతిగా ఉన్నప్పుడు ఎమర్జెన్-సి తీసుకోవడం సురక్షితమేనా?,,ఎమర్జెన్-సి,,गर्भावस्थेत इमरजेन-सी   घेणे सुरक्षित आहे का?,,इमरजेन-सी  ,,શું ગર્ભાવસ્થા દરમિયાન ઇમર્જન-સી લેવું સુરક્ષિત છે?,,ઇમર્જન-સી,,drug
could taking valium result in a false positive on a pregnancy test?,,Valium,pregnency test,एक गर्भावस्था परीक्षण पर एक झूठी सकारात्मक में वैलियम परिणाम हो सकता है?,,वैलियम,गर्भावस्था परीक्षण,ভ্যালিয়াম গ্রহণ করার কারণে কি গর্ভাবস্থা্র পরীক্ষায় ফল্‌স পজিটিভ ফল আসতে পারে?,,ভ্যালিয়াম,গর্ভাবস্থা্র পরীক্ষা,வாலியம் எடுத்துக்கொள்வது ஒரு கர்ப்ப பரிசோதனையில் தவறான நேர்மறையான விளைவை ஏற்படுத்துமா?,,வாலியம் ,கர்ப்ப பரிசோதனையில்,వాలియం తీసుకోవడం వల్ల గర్భధారణ పరీక్షలో తప్పుడు పాజిటివ్ వస్తుందా?,,వాలియం,గర్భధారణ పరీక్ష,व्हॅलियम घेतल्याने गर्भधारणा चाचणीत चुकीचा परिणाम होऊ शकतो?,,व्हॅलियम,गर्भधारणा चाचणी,શું વેલિયમ લેવાથી ગર્ભાવસ્થા પરિક્ષણમાં ખોટા હકારાત્મક પરિણામ આવી શકે છે?,,વેલિયમ,ગર્ભાવસ્થા પરિક્ષણ,drug
is creon fda approved and covered by most insurance?,,creon,,क्रेऑन एफडीए अनुमोदित है और ज़्यादातर बिमाओं द्वारा कवर किया गया है?,,क्रेऑन,,ক্রিয়ন কি এফডিএ অনুমোদিত এবং অধিকাংশ বীমার আওতায় আসে?,,ক্রিয়ন,,கிரியோன் எஃப்.டி.ஏ அங்கீகரிக்கப்பட்டு பெரும்பாலான காப்பீட்டால் மூடப்பட்டதா?,,கிரியோன்,,"క్రియోన్ ఎఫ్ డిఎ ఆమోదించబడి, చాలా బీమాల ద్వారా కవర్ చేయబడిందా?",,క్రియోన్ ఎఫ్,,क्रेयोन एफडीए  मंजूर आहे का  आणि बहुतेक विम्याद्वारे संरक्षित आहे?,,क्रेयोन ,,શું ક્રિઓન એફડીએ મંજૂર છે અને મોટાભાગના વીમા દ્વારા આવરી લેવામાં આવે છે?,,ક્રિઓન એફડીએ,,drug
what is antiemetic,,antimatic,,एंटीमैटिक क्या है?,,एंटीमैटिक,,এন্টিএমেটিক কি?,,এন্টিএমেটিক,,ஆண்டிமெடிக் என்றால் என்ன ?,,ஆண்டிமெடிக்,,వాంతి నిరోధకం అంటే ఏమిటి?,,వాంతి నిరోధకం,,अँटीमेटिक काय आहे,,अँटीमेटिक,,એન્ટિમેટિક શું છે,,એન્ટિમેટિક,,drug
what is coreg cr taken for?,,coreg cr,,करेग सी आर किस लिए लिया जाता है?,,करेग सी आर,,কোরেগ সিআর কিসের জন্য নেওয়া হয়?,,কোরেগ সিআর,,கோர்க் சிஆர் எதற்காக எடுக்கப்படுகிறது?,,கோர்க் சிஆர்,,కోర్గ్ సిఆర్ దేనికి తీసుకోబడుతుంది?,,కోర్గ్ సిఆర్,,कॉरेग सी आर  कशासाठी घेतले जाते?,,कॉरेग सी आर ,,કોરેગ સીઆર શું માટે લેવામાં આવે છે?,,કોરેગ સીઆર,,drug
what would a single dose of 4 azithromycin pills be used to treat?,,azithromycin,,क्या चार एज़िथ्रोमाइसिन गोलियों की एक खुराक के इलाज के लिए इस्तेमाल किया जाएगा?,,एज़िथ्रोमाइसिन,,কী চিকিৎসার জন্য 4 টি অ্যাজিথ্রোমাইসিন বড়ির একটি ডোজ ব্যবহার করা হবে?,,অ্যাজিথ্রোমাইসিন,,சிகிச்சையளிக்க 4 அஜித்ரோமைசின் மாத்திரைகளின் ஒற்றை டோஸ் என்ன பயன்படுத்தப்படும்?,,அஜித்ரோமைசின்,,చికిత్స చేయడం కొరకు ౪ అజిత్రోమైసిన్ మాత్రల యొక్క సింగిల్ మోతాదును దేనికి  ఉపయోగిస్తారు?,,అజిత్రోమైసిన్,,उपचारासाठी ४  अजिथ्रोमाइसिन गोळ्यांचा एकच डोस काय वापरला जाईल?,,अजिथ्रोमाइसिन,,સારવાર માટે ૪ એઝિથ્રોમાસીન ગોળીઓની એક માત્રાનો ઉપયોગ શું થશે?,,એઝિથ્રોમાસીન,,drug
is clindamycin effective in treating syphilis?,syphilis,clindamycin,,क्या सिफलिस के इलाज में क्लिंडामाइसिन प्रभावी है?,सिफलिस,क्लिंडामाइसिन,,সিফিলিসের চিকিৎসায় কি ক্লিন্ডামাইসিন কার্যকর?,সিফিলিস,ক্লিন্ডামাইসিন,,சிபிலிஸுக்கு சிகிச்சையளிப்பதில் கிளிண்டமைசின் பயனுள்ளதா?,சிபிலிஸு,கிளிண்டமைசின்,,సిఫిలిస్ చికిత్సలో క్లిండమైసిన్ ప్రభావవంతంగా ఉందా?,సిఫిలిస్,క్లిండమైసిన్,,क्लिंडामायसिन सिफिलीसच्या उपचारात प्रभावी आहे का?,सिफिलीस,क्लिंडामायसिन,,શું ક્લિન્ડામિસિન સિફિલિસની સારવારમાં અસરકારક છે?,સિફિલિસ,ક્લિન્ડામિસિન,,drug
can valtrex be used to treat lichen schlrosis,lichen sclerosus,valtrax,,क्या वाल्ट्रेक्स का उपयोग लाइकेन स्क्लेरोसस के इलाज के लिए किया जा सकता है ?,लाइकेन स्क्लेरोसस,वाल्ट्रेक्स,,লিচেন শ্লোরোসিসের চিকিত্সার জন্য ভাল্ট্রেক্স ব্যবহার করা যেতে পারে?,লিচেন শ্লোরোসিস,ভাল্ট্রেক্স,,லிச்சென் ஸ்க்லரோசிஸுக்கு சிகிச்சையளிக்க வால்ட்ரெக்ஸ் பயன்படுத்தப்படலாம்,லிச்சென் ஸ்க்லரோசிஸுக்கு,வால்ட்ரெக்ஸ் ,,లైకెన్ స్క్రోసిస్ చికిత్సకు వాల్ట్రెక్స్ ను ఉపయోగించవచ్చా?,లైకెన్ స్క్రోసిస్,వాల్ట్రెక్స్,,व्हॅल्ट्रेक्सचा उपयोग लाइकेन श्लेरोसिसवर उपचार करण्यासाठी केला जाऊ शकतो,लाइकेन श्लेरोसिस,व्हॅल्ट्रेक्स,,વાલટ્રેક્સનો ઉપયોગ લિકેન સ્ક્લરોસિસની સારવાર માટે થઈ શકે છે,લિકેન સ્ક્લેરોસસ,વાલ્ટ્રેક્સ,,drug
can lisinopril affect home pregnancy test results?,,lisinopril,home pregnency test,क्या लिसिनोप्रिल घरेलू गर्भावस्था परीक्षण के परिणामों को प्रभावित कर सकता है?,,लिसिनोप्रिल,घर गर्भावस्था परीक्षण,লিসিনোপ্রিল কি হোম গর্ভাবস্থা পরীক্ষার ফলাফল প্রভাবিত করতে পারে?,,লিসিনোপ্রিল,হোম গর্ভাবস্থা পরীক্ষা,லிசினோபிரில் வீட்டு கர்ப்ப சோதனை முடிவுகளை பாதிக்க முடியுமா?,,லிசினோபிரில்,வீட்டு கர்ப்ப சோதனை,లిసినోప్రిల్ ఇంటి గర్భధారణ పరీక్ష ఫలితాలను ప్రభావితం చేయగలదా?,,లిసినోప్రిల్,గర్భధారణ పరీక్ష,लिसिनोप्रिल घरगुती गर्भधारणा चाचणी परिणामांवर परिणाम करू शकते?,,लिसिनोप्रिल,गर्भधारणा चाचणी,શું લિસિનોપ્રિલ હોમ ગર્ભાવસ્થા પરિક્ષણના પરિણામોને અસર કરી શકે છે?,,લિસિનોપ્રિલ,ગર્ભાવસ્થા પરિક્ષણ,drug
can douching after sex stop me from getting pregnant?,pregnant,,,क्या सम्भोग के बाद डाउचिंग मुझे गर्भवती होने से रोक सकता हैं?,गर्भवती,,,সেক্সের পরে ডাউচিং কি আমাকে গর্ভবতী হওয়া থেকে বিরত রাখতে পারে?,গর্ভবতী,,,உடலுறவுக்குப் பிறகு டச்சிங் செய்வதால் நான் கர்ப்பமாவதைத் தடுக்க முடியுமா?,கர்ப்பமாவதைத்,,,రతి తరువాత పిచికారీ చేయడం నన్ను గర్భవతిని చేయకుండా ఆపగలదా?,గర్భవతి,,,सेक्स नंतर डोचिंग केल्याने मला गरोदर होण्यापासून थांबता येते का?,,,,શું સેક્સ પછી ડચિંગ મને ગર્ભવતી થવાથી રોકી શકે છે?,,,,other
at what age do children begin to get their adult teeth?,,,,किस उम्र में बच्चों को अपने वयस्क दांत मिलना शुरू हो जाते हैं?,,,,কোন বয়সে বাচ্চারা তাদের পূর্ণবয়স্ক দাঁত পেতে শুরু করে?,,,,எந்த வயதில் குழந்தைகள் தங்கள் வயதுவந்த பற்களைப் பெறத் தொடங்குகிறார்கள்?,,,,పిల్లలు ఏ వయస్సులో తమ వయోజన దంతాలను పొందడం ప్రారంభిస్తారు?,,,,कोणत्या वयात मुलांना त्यांचे प्रौढ दात येणे सुरू होते?,,,,કઈ ઉંમરે બાળકો તેમના પુખ્ત દાંત મેળવવાનું શરૂ કરે છે?,,,,other
is the risk for heart disease reduced by lowering cholesterol?,"Cholesterol, heart disease",,,क्या कोलेस्ट्रॉल को कम करने से हृदय रोग का खतरा कम हो जाता है?,"कोलेस्ट्रॉल, हृदय रोग",,,কোলেস্টেরল কমানোর মাধ্যমে কি হৃদরোগের ঝুঁকি কমে যায়?,"হৃদরোগের, কোলেস্টেরল",,,கொழுப்பைக் குறைப்பதன் மூலம் இதய நோய்க்கான ஆபத்து குறைக்கப்படுகிறதா?,"கொழுப்பைக், இதய நோய்க்கான",,,కొలెస్ట్రాల్‌ను తగ్గించడం ద్వారా గుండె జబ్బులు వచ్చే ప్రమాదం తగ్గుతుందా?,"కొలెస్ట్రాల్‌, గుండె జబ్బులు",,,कोलेस्टेरॉल कमी केल्याने हृदयविकाराचा धोका कमी होतो का?,"कोलेस्टेरॉल,हृदयविकार",,,શું કોલેસ્ટ્રોલ ઘટાડવાથી હૃદયરોગનું જોખમ ઓછું થાય છે?,"કોલેસ્ટ્રોલ, હૃદય રોગ",,,other
is expired birth control still effective?,,,birth control,क्या एक्सपायर्ड जन्म नियंत्रण अभी भी प्रभावी है?,,,जन्म नियंत्रण,মেয়াদোত্তীর্ণ জন্ম নিয়ন্ত্রণের ওষুধ কি এখনও কার্যকর?,,,জন্ম নিয়ন্ত্রণের ওষুধ,"பிறப்பு கட்டுப்பாடு காலாவதியாகிவிட்டால், அதன் பிறகும் பயன்படுத்துவது பயனுள்ளதாக இருக்குமா?",,,பிறப்பு கட்டுப்பாடு,గడువు తీరిన జనన నియంత్రణ ఇంకా ప్రభావవంతంగా ఉంటుందా ?,,,జనన నియంత్రణ,कालबाह्य झालेले जन्म नियंत्रण अद्याप प्रभावी आहे का?,,,जन्म नियंत्रण,શું સમાપ્ત થયેલ જન્મ નિયંત્રણ હજુ પણ અસરકારક છે?,,,જન્મ નિયંત્રણ,other
can i drink milk or orange juice with sinusitis?,sinusitis,,,क्या मैं साइनसाइटिस के साथ दूध या संतरे का रस पी सकता हूँ?,साइनसाइटिस,,,আমি কি সাইনোসাইটিসের সাথে দুধ বা কমলার রস পান করতে পারি?,সাইনোসাইটিস,,,சைனசிடிஸுடன்  நான் பால் அல்லது ஆரஞ்சு சாறு குடிக்கலாமா?,சைனசிடிஸ்,,,నేను సైనసైటిస్‌తో పాలు లేదా నారింజ రసం తాగవచ్చా?,సైనసైటిస్‌,,,सायनुसायटिस सह मी दूध किंवा संत्र्याचा रस पिऊ शकतो का?,सायनुसायटिस,,,શું હું સાઇનસાઇટિસ સાથે દૂધ અથવા નારંગીનો રસ પી શકું?,સાઇનસાઇટિસ,,,other
does soaking in epsom salts help to draw out excess lactic acid from muscles?,excess lactic acid,epsom salts,,क्या एप्सम लवण में भिगोने से मांसपेशियों से अतिरिक्त लैक्टिक एसिड को बाहर निकालने में मदद मिलती है?,अतिरिक्त लैक्टिक एसिड,एप्सोम नमक,,এপসোম সল্টগুলিতে ভিজিয়ে রাখা কি পেশী থেকে অতিরিক্ত ল্যাকটিক অ্যাসিড বের করতে সহায়তা করে?,অতিরিক্ত ল্যাকটিক অ্যাসিড,এপসোম সল্টগুলিতে,,எப்சம் உப்புகளில் ஊறவைப்பது தசைகளிலிருந்து அதிகப்படியான லாக்டிக் அமிலத்தை வெளியேற்ற உதவுகிறதா?,அதிகப்படியான லாக்டிக் அமிலத்தை,எப்சம் உப்பு,,ఎప్సమ్ లవణాలలో నానబెట్టడం కండరాల నుండి అదనపు లాక్టిక్ ఆమ్లాన్ని బయటకు తీయడంలో సహాయపడుతుందా?,అదనపు లాక్టిక్ ఆమ్లా,ఎప్సమ్ లవణాలు,,एप्सम क्षारांमध्ये भिजल्याने स्नायूंमधून अतिरिक्त लॅक्टिक ऍसिड बाहेर काढण्यास मदत होते का?,अतिरिक्त लॅक्टिक ऍसिड,एप्सम क्षार,,શું એપ્સમ ક્ષારમાં પલાળવાથી સ્નાયુઓમાંથી વધારાનું લેક્ટિક એસિડ બહાર કાઢવામાં મદદ મળે છે?,,એપ્સમ ક્ષાર,,other
can saline solution be used in nostrils while there is greenish discharge?,greenish discharge,saline solution,,हरे रंग का स्राव होने पर क्या नथुने में नमकीन घोल का उपयोग किया जा सकता है?,हरा-भरा निर्वहन,नमकीन घोल,,সবুজ স্রাব থাকলে কি নাকের ডগায় স্যালাইন দ্রবণ ব্যবহার করা যেতে পারে?,সবুজ স্রাব,নাকের ডগায় স্যালাইন,,பச்சை நிற நீர் வெளியேற்றம் இருக்கும்போது மூக்கில் உப்புக் கரைசலை பயன்படுத்த முடியுமா?,பச்சை நிற நீர் வெளியேற்றம்,உப்புக் கரைசலை,,ఆకుపచ్చని ఉత్సర్గ ఉన్నప్పుడు సెలైన్ ద్రావణాన్ని నాసికా రంధ్రాల్లో ఉపయోగించవచ్చా?,ఆకుపచ్చని ఉత్సర్గ,సెలైన్ ద్రావణం,,हिरवट स्त्राव असताना नाकपुड्यात खारट द्रावण वापरता येईल का?,हिरवट स्त्राव,खारट द्रावण,,જ્યારે લીલોતરી સ્રાવ હોય ત્યારે શું નસકોરામાં ખારા દ્રાવણનો ઉપયોગ કરી શકાય?,લીલોતરી સ્રાવ,ખારા ઉકેલ,,other
is kidney dialysis covered by medicare?,,,dialysis,क्या किडनी डायलिसिस मेडिकेयर द्वारा कवर किया जाता है?,,,डायलिसिस,মেডিকেয়ার কি কিডনি ডায়ালিসিস কভার করে?,,,ডায়ালিসিস,சிறுநீரக டயாலிசிஸ் மெடிகேர் மூலம் சேர்க்கப்பட்டுள்ளதா?,,,டயாலிசிஸ்,మూత్రపిండాల డయలిసిస్ మెడికేర్ ద్వారా కవర్ చేయబడిందా?,,,మూత్రపిండాల డయలిసిస్,किडनी डायलिसीस हे औषधोपचारात समाविष्ट आहे का?,,,डायलिसीस,શું કિડની ડાયાલિસિસ મેડિકેર દ્વારા આવરી લેવામાં આવે છે?,,,ડાયાલિસિસ,other
i am currently 64. do i have to sign up for obamacare?,,,Obamacare,मैं वर्तमान में ६४ साल का हूं। क्या मुझे ओबमाकारे के लिए साइन अप करना चाहिए ?,,,ओबामाकेयर,বর্তমানে আমার বয়স ৬৪। আমাকে কি ওবামাকেয়ারের জন্য সাইন আপ করতে হবে?,,,ওবামাকেয়ার,"எனக்கு தற்போது வயது 64. நான் ""ஒபாமாகேர்"" இல் பதிவு செய்ய வேண்டுமா?",,,ஒபாமாகேர்,ప్రస్తుతం నా వయసు ౬౪ ఏళ్లు. నేను ఒబామాకేర్ కోసం సైన్ అప్ చేయాలా?,,,ఒబామాకేర్,मी सध्या ६४ वर्षांचा आहे. मला ओबामाकेअरसाठी साइन अप करावे लागेल का?,,,ओबामाकेअर,હું હાલમાં ૬૪ વર્ષનો છું. શું મારે ઓબામાકેર માટે સાઇન અપ કરવું પડશે?,,,ઓબામાકેર,other
if i have already had the flu this season should i get a flu shot?,flu,flu shot,,अगर मुझे पहले से ही इस मौसम में फ्लू था तो क्या मुझे एक फ्लू शॉट मिल जाना चाहिए?,फ्लू,फ्लू शॉट,,যদি আমি ইতিমধ্যে এই মৌসুমে ফ্লু হয়ে থাকে তবে আমার কি ফ্লু শট নেওয়া উচিত?,ফ্লু,ফ্লু শট,,நான் ஏற்கனவே இந்த பருவத்தில் காய்ச்சல் இருந்திருந்தால் நான் ஒரு காய்ச்சல் ஷாட் பெற வேண்டும்?,காய்ச்சல் ,காய்ச்சல் ஷாட்,,"ఈ ఋతువు లో నాకు ఇప్పటికే ఫ్లూ ఉన్నట్లయితే, నేను ఫ్లూ షాట్ పొందాలా?  ",ఫ్లూ,ఫ్లూ షాట్,,मला या हंगामात फ्लू झाला असेल तर मला फ्लूचा शॉट घ्यावा का?,फ्लू,फ्लूचा शॉट,,જો આ સિઝનમાં મને પહેલેથી જ ફ્લૂ થયો હોય તો શું મારે ફ્લૂનો શૉટ લેવો જોઈએ?,ફ્લૂ,ફલૂ શોટ,,other